-- phpMyAdmin SQL Dump
-- version 5.2.1
-- https://www.phpmyadmin.net/
--
-- Host: 127.0.0.1
-- Generation Time: Jul 21, 2024 at 07:11 PM
-- Server version: 10.4.28-MariaDB
-- PHP Version: 8.2.4

SET SQL_MODE = "NO_AUTO_VALUE_ON_ZERO";
START TRANSACTION;
SET time_zone = "+00:00";


/*!40101 SET @OLD_CHARACTER_SET_CLIENT=@@CHARACTER_SET_CLIENT */;
/*!40101 SET @OLD_CHARACTER_SET_RESULTS=@@CHARACTER_SET_RESULTS */;
/*!40101 SET @OLD_COLLATION_CONNECTION=@@COLLATION_CONNECTION */;
/*!40101 SET NAMES utf8mb4 */;

--
-- Database: `personel_records`
--

-- --------------------------------------------------------

--
-- Table structure for table `tblbiodata`
--

CREATE TABLE `tblbiodata` (
  `biodata_id` int(11) NOT NULL,
  `user_id` int(11) NOT NULL,
  `file_no` int(11) NOT NULL,
  `firstname` varchar(50) NOT NULL,
  `lastname` varchar(50) NOT NULL,
  `othername` varchar(20) NOT NULL,
  `gender` varchar(10) NOT NULL,
  `phonenumber` varchar(15) NOT NULL,
  `email` varchar(100) NOT NULL,
  `qualifications` text NOT NULL,
  `img_pasport` varchar(100) NOT NULL,
  `dob` date NOT NULL,
  `do_ap` date NOT NULL,
  `do_pa` date NOT NULL,
  `type_app` varchar(100) NOT NULL,
  `country` int(11) NOT NULL,
  `state` int(11) NOT NULL,
  `lga` int(11) NOT NULL,
  `section` varchar(100) NOT NULL,
  `department` varchar(100) NOT NULL,
  `rank` varchar(100) NOT NULL,
  `salary_structure` varchar(50) NOT NULL,
  `conditess` int(11) NOT NULL,
  `steps` int(11) NOT NULL
) ENGINE=InnoDB DEFAULT CHARSET=utf8mb4 COLLATE=utf8mb4_general_ci;

--
-- Dumping data for table `tblbiodata`
--

INSERT INTO `tblbiodata` (`biodata_id`, `user_id`, `file_no`, `firstname`, `lastname`, `othername`, `gender`, `phonenumber`, `email`, `qualifications`, `img_pasport`, `dob`, `do_ap`, `do_pa`, `type_app`, `country`, `state`, `lga`, `section`, `department`, `rank`, `salary_structure`, `conditess`, `steps`) VALUES
(5, 1, 1234, 'Abubakar', 'sajo', '', 'male', '08060044690', 'abbk2@gmail.com', 'FLSC,ND,BSC,MSC,PHD', 'istockphoto-1074163984-1024x1024.jpg', '2024-07-17', '2024-07-18', '2024-07-18', 'PMT', 125, 2, 33, 'Academic Staff', 'INFORMATION COMMUNICATION TECHNOLOGY', 'Lecturing Cadre', 'cotediss', 15, 13),
(6, 1, 12345, 'Abubakar', 'Musa', 'nat', 'male', '08060044690', 'abbk4@gmail.com', 'FLSC,ND,BSC,MSC,PHD', 'istockphoto-1074163984-1024x1024.jpg', '2024-07-17', '2024-07-18', '2024-07-18', 'PMT', 125, 2, 33, 'Non-Academic Staff', 'INFORMATION COMMUNICATION TECHNOLOGY', 'Lecturing Cadre', 'cotediss', 14, 11),
(7, 1, 123457, 'Abubakar', 'Musa', 'nat', 'male', '08060044690', 'abbk5@gmail.com', 'FLSC,ND,BSC,MSC,PHD', 'istockphoto-1563269375-1024x1024.jpg', '2024-07-16', '2024-07-18', '2024-07-18', 'PMT', 125, 2, 33, 'Non-Academic Staff', 'INFORMATION COMMUNICATION TECHNOLOGY', 'Lecturing Cadre', 'cotediss', 14, 11);

-- --------------------------------------------------------

--
-- Table structure for table `tblcountries`
--

CREATE TABLE `tblcountries` (
  `countryid` int(10) DEFAULT NULL,
  `countryname` varchar(150) DEFAULT NULL
) ENGINE=InnoDB DEFAULT CHARSET=latin1 COLLATE=latin1_swedish_ci;

--
-- Dumping data for table `tblcountries`
--

INSERT INTO `tblcountries` (`countryid`, `countryname`) VALUES
(1, 'AFGHANISTAN'),
(2, 'ALBANIA'),
(3, 'ALGERIA'),
(4, 'ANDORRA'),
(5, 'ANGOLA'),
(6, 'ANTARCTICA'),
(7, 'ANTIGUA AND BARMUDA'),
(8, 'ARGENTINA'),
(9, 'ARMENIA'),
(10, 'AUSTRALIA'),
(11, 'AUSTRIA'),
(12, 'AZERBAIJAN'),
(13, 'BAHAMAS'),
(14, 'BAHRAIN'),
(15, 'BANGLADESH'),
(16, 'BARBADOS'),
(17, 'BELARUS'),
(18, 'BELGIUM'),
(19, 'BELIZE'),
(20, 'BENIN REPUBLIC'),
(21, 'BHUTAN'),
(22, 'BOLIVIA'),
(23, 'BOSNIA-HERZEGOVINA'),
(24, 'BOTSWANA'),
(25, 'BRAZIL'),
(26, 'BRUNEI'),
(27, 'BULGARIA'),
(28, 'BURKINA FASSO'),
(29, 'BURMA'),
(30, 'BURUNDI'),
(31, 'CAMBODIA'),
(32, 'CAMEROON'),
(33, 'CANADA'),
(34, 'CAPE VERDE'),
(35, 'CENTRAL AFRICAN REPUBLIC'),
(36, 'CHAD'),
(37, 'CHILE'),
(38, 'CHINA'),
(39, 'COLOMBIA'),
(40, 'COMOROS ISLAND'),
(41, 'CONGO DRC'),
(42, 'COSTA RICA'),
(43, 'CROATIA'),
(44, 'CUBA'),
(45, 'CYPRUS'),
(46, 'CZECH REPUBLIC'),
(47, 'DENMARK'),
(48, 'DJIBOUTI'),
(49, 'DOMINICA'),
(50, 'DOMINICAN REPUBLIC'),
(51, 'ECUADOR'),
(52, 'EGYPT'),
(53, 'EL SALVADOR'),
(54, 'EQUATORIAL GUINEA'),
(55, 'ERITREA'),
(56, 'ESTONIA'),
(57, 'ETHIOPIA'),
(58, 'FIJI'),
(59, 'FINLAND'),
(60, 'FRANCE'),
(61, 'FRENCH GUIANA'),
(62, 'GABON'),
(63, 'GEORGIA'),
(64, 'GERMANY'),
(65, 'GHANA'),
(66, 'GREECE'),
(67, 'GREENLAND'),
(68, 'GRENADA'),
(69, 'GUATEMALA'),
(70, 'GUINEA'),
(71, 'GUINEA BISSAU'),
(72, 'GUYANA'),
(73, 'HAITI'),
(74, 'HAWAII'),
(75, 'HONDURAS'),
(76, 'HUNGARY'),
(77, 'ICELAND'),
(78, 'INDIA'),
(79, 'INDONESIA'),
(80, 'IRAN'),
(81, 'IRAQ'),
(82, 'IRELAND'),
(83, 'ISRAEL'),
(84, 'ITALY'),
(85, 'IVORY COAST'),
(86, 'JAMAICA'),
(87, 'JAPAN'),
(88, 'JORDAN'),
(89, 'KAZAKHSTAN'),
(90, 'KENYA'),
(91, 'KIRIBATI'),
(92, 'KUWAIT'),
(93, 'KYRGIZSTAN'),
(94, 'LAOS'),
(95, 'LATVIA'),
(96, 'LEBANON'),
(97, 'LESOTHO'),
(98, 'LIBERIA'),
(99, 'LIBYA'),
(100, 'LIECHTENSTEIN'),
(101, 'LITHUANIA'),
(102, 'LUXEMBOURG'),
(103, 'MACEDONIA'),
(104, 'MADAGASCAR'),
(105, 'MALAWI'),
(106, 'MALAYSIA'),
(107, 'MALI'),
(108, 'MALTA'),
(109, 'MARSHALL ISLANDS'),
(110, 'MAURITANIA'),
(111, 'MAURITIUS'),
(112, 'MEXICO'),
(113, 'MICRONESIA, F.S.O'),
(114, 'MOLDOVA'),
(115, 'MONGOLIA'),
(116, 'MOROCCO'),
(117, 'MOZAMBIQUE'),
(118, 'NAMIBIA'),
(119, 'NAURU'),
(120, 'NEPAL'),
(121, 'NETHERLANDS'),
(122, 'NEW ZEALAND'),
(123, 'NICARAGUA'),
(124, 'NIGER REPUBLIC'),
(125, 'NIGERIA'),
(126, 'NORTH KOREA'),
(127, 'NORWAY'),
(128, 'OMAN'),
(129, 'PACIFIC ISLANDS'),
(130, 'PAKISTAN'),
(131, 'PALAU'),
(132, 'PALESTINE'),
(133, 'PANAMA'),
(134, 'PAPUA NEW GUINEA'),
(135, 'PARAGUAY'),
(136, 'PERU'),
(137, 'PHILIPPINES'),
(138, 'POLAND'),
(139, 'PORTUGAL'),
(140, 'QATAR'),
(141, 'ROMANIA'),
(142, 'RUSSIA'),
(143, 'RWANDA'),
(144, 'SAO TOME AND PRINCIPE'),
(145, 'SAUDI ARABIA'),
(146, 'SENEGAL'),
(147, 'SEYCHELLES'),
(148, 'SIERRA LEONE'),
(149, 'SLOVAKIA'),
(150, 'SLOVENIA'),
(151, 'SOLOMON ISLANDS'),
(152, 'SOMALIA'),
(153, 'SOUTH AFRICA'),
(154, 'SOUTH KOREA'),
(155, 'SPAIN'),
(156, 'SRI LANKA'),
(157, 'ST KITTS-NEVIS'),
(158, 'ST LUCIA'),
(159, 'ST VINCENT AND THE GRENADINES'),
(160, 'SUDAN'),
(161, 'SURINAME'),
(162, 'SWAZILAND'),
(163, 'SWEDEN'),
(164, 'SWITZERLAND'),
(165, 'SYRIA'),
(166, 'TAIWAN'),
(167, 'TAJIKISTAN'),
(168, 'TANZANIA'),
(169, 'THAILAND'),
(170, 'TOGO'),
(171, 'TONGA'),
(172, 'TRINIDAD AND TOBAGO'),
(173, 'TUNISIA'),
(174, 'TURKEY'),
(175, 'TURKMENISTAN'),
(176, 'TUVALU'),
(177, 'UGANDA'),
(178, 'UKRAINE'),
(179, 'U.A.E.'),
(180, 'UNITED KINGDOM'),
(181, 'U.S.A.'),
(182, 'URUGUAY'),
(183, 'UZBEKISTAN'),
(184, 'VANUATU'),
(185, 'VENEZUELA'),
(186, 'VIETNAM'),
(187, 'WESTERN SAMOA'),
(188, 'YEMEN'),
(189, 'YUGOSLAVIA'),
(190, 'ZAMBIA'),
(191, 'ZIMBABWE');

-- --------------------------------------------------------

--
-- Table structure for table `tbldepartments`
--

CREATE TABLE `tbldepartments` (
  `dep_id` int(11) NOT NULL,
  `depname` varchar(100) NOT NULL
) ENGINE=InnoDB DEFAULT CHARSET=utf8mb4 COLLATE=utf8mb4_general_ci;

--
-- Dumping data for table `tbldepartments`
--

INSERT INTO `tbldepartments` (`dep_id`, `depname`) VALUES
(1, 'INFORMATION COMMUNICATION TECHNOLOGY');

-- --------------------------------------------------------

--
-- Table structure for table `tbllga`
--

CREATE TABLE `tbllga` (
  `lgaid` int(10) DEFAULT NULL,
  `stateid` int(11) DEFAULT NULL,
  `lganame` varchar(150) DEFAULT NULL
) ENGINE=InnoDB DEFAULT CHARSET=latin1 COLLATE=latin1_swedish_ci;

--
-- Dumping data for table `tbllga`
--

INSERT INTO `tbllga` (`lgaid`, `stateid`, `lganame`) VALUES
(1, 1, 'Aba North'),
(2, 1, 'Aba South'),
(3, 1, 'Arochukwu'),
(4, 1, 'Bende'),
(5, 1, 'Ikwuano'),
(6, 1, 'Isiala-Ngwa North'),
(7, 1, 'Isiala-Ngwa South'),
(8, 1, 'Isikwuato'),
(9, 1, 'Nneochi'),
(10, 1, 'Obi-Ngwa'),
(11, 1, 'Ohafia'),
(12, 1, 'Osisioma'),
(13, 1, 'Ugwunagbo'),
(14, 1, 'Ukwa East'),
(15, 1, 'Ukwa West'),
(16, 1, 'Umuahia North'),
(17, 1, 'Umuahia South'),
(18, 2, 'Demsa'),
(19, 2, 'Fufore'),
(20, 2, 'Ganye'),
(21, 2, 'Girei'),
(22, 2, 'Gombi'),
(23, 2, 'guyuk'),
(24, 2, 'Hong'),
(25, 2, 'Jada'),
(26, 2, 'Jimeta'),
(27, 2, 'Lamurde'),
(28, 2, 'Madagali'),
(29, 2, 'Maiha'),
(30, 2, 'Mayo Belwa'),
(31, 2, 'Michika'),
(32, 2, 'Mubi North'),
(33, 2, 'Mubi South'),
(34, 2, 'Numan'),
(35, 2, 'Shelleng'),
(36, 2, 'Song'),
(37, 2, 'Toungo'),
(38, 2, 'Yola North'),
(39, 3, 'Abak'),
(40, 3, 'Eastern-Obolo'),
(41, 3, 'Eket'),
(42, 3, 'Ekpe-Atani'),
(43, 3, 'Essien-Udim'),
(44, 3, 'Esit Ekit'),
(45, 3, 'Etim-Ekpo'),
(46, 3, 'Etinam'),
(47, 3, 'Ibeno'),
(48, 3, 'Ibesikp-Asitan'),
(49, 3, 'Ibiono-Ibom'),
(50, 3, 'Ika'),
(51, 3, 'Ikono'),
(52, 3, 'Ikot-Abasi'),
(53, 3, 'Ikot-Ekpene'),
(54, 3, 'Ini'),
(55, 3, 'Itu'),
(56, 3, 'Mbo'),
(57, 3, 'Mkpae-Enin'),
(58, 3, 'Nsit-Ibom'),
(59, 3, 'Nsit-Ubium'),
(60, 3, 'Obot-Akara'),
(61, 3, 'Okobo'),
(62, 3, 'Onna'),
(63, 3, 'Oron'),
(64, 3, 'Oro-Anam'),
(65, 3, 'Udung-Uko'),
(66, 3, 'Ukanefun'),
(67, 3, 'Uru Offong Oruko'),
(68, 3, 'Uruan'),
(69, 3, 'Uquo Ibene'),
(70, 3, 'Uyo'),
(71, 4, 'Aguata'),
(72, 4, 'Anambra'),
(73, 4, 'Anambra West'),
(74, 4, 'Anocha'),
(75, 4, 'Awka- North'),
(76, 4, 'Awka-South'),
(77, 4, 'Ayamelum'),
(78, 4, 'Dunukofia'),
(79, 4, 'Ekwusigo'),
(80, 4, 'Idemili-North'),
(81, 4, 'Idemili-South'),
(82, 4, 'Ihiala'),
(83, 4, 'Njikoka'),
(84, 4, 'Nnewi-North'),
(85, 4, 'Nnewi-South'),
(86, 4, 'Ogbaru'),
(87, 4, 'Onisha North'),
(88, 4, 'Onitsha South'),
(89, 4, 'Orumba North'),
(90, 4, 'Orumba South'),
(91, 4, 'Oyi'),
(92, 5, 'Alkaleri'),
(93, 5, 'Bauchi'),
(94, 5, 'Bogoro'),
(95, 5, 'Damban'),
(96, 5, 'Darazo'),
(97, 5, 'Dass'),
(98, 5, 'Gamawa'),
(99, 5, 'Ganjuwa'),
(100, 5, 'Giade'),
(101, 5, 'Itas/Gadau'),
(102, 5, 'Jama\'are'),
(103, 5, 'Katagum'),
(104, 5, 'Kirfi'),
(105, 5, 'Misau'),
(106, 5, 'Ningi'),
(107, 5, 'Shira'),
(108, 5, 'Tafawa-Balewa'),
(109, 5, 'Toro'),
(110, 5, 'Warji'),
(111, 5, 'Zaki'),
(112, 6, 'Brass'),
(113, 6, 'Ekerernor'),
(114, 6, 'Kolokuma/Opokuma'),
(115, 6, 'Nembe'),
(116, 6, 'Ogbia'),
(117, 6, 'Sagbama'),
(118, 6, 'Southern-Ijaw'),
(119, 6, 'Yenegoa'),
(120, 6, 'Kembe'),
(121, 7, 'Ado'),
(122, 7, 'Agatu'),
(123, 7, 'Apa'),
(124, 7, 'Buruku'),
(125, 7, 'Gboko'),
(126, 7, 'Guma'),
(127, 7, 'Gwer-East'),
(128, 7, 'Gwer-West'),
(129, 7, 'Katsina-Ala'),
(130, 7, 'Konshisha'),
(131, 7, 'Kwande'),
(132, 7, 'Logo'),
(133, 7, 'Makurdi'),
(134, 7, 'Obi'),
(135, 7, 'Ogbadibo'),
(136, 7, 'Ohimini'),
(137, 7, 'Oju'),
(138, 7, 'Okpokwu'),
(139, 7, 'Otukpo'),
(140, 7, 'Tarkar'),
(141, 7, 'Vandeikya'),
(142, 7, 'Ukum'),
(143, 7, 'Ushongo'),
(144, 8, 'Abadan'),
(145, 8, 'Askira-Uba'),
(146, 8, 'Bama'),
(147, 8, 'Bayo'),
(148, 8, 'Biu'),
(149, 8, 'Chibok'),
(150, 8, 'Damboa'),
(151, 8, 'Dikwa'),
(152, 8, 'Gubio'),
(153, 8, 'Guzamala'),
(154, 8, 'Gwoza'),
(155, 8, 'Hawul'),
(156, 8, 'Jere'),
(157, 8, 'Kaga'),
(158, 8, 'Kala/Balge'),
(159, 8, 'Kukawa'),
(160, 8, 'Konduga'),
(161, 8, 'Kwaya-Kusar'),
(162, 8, 'Mafa'),
(163, 8, 'Magumeri'),
(164, 8, 'Maiduguri'),
(165, 8, 'Marte'),
(166, 8, 'Mobbar'),
(167, 8, 'Monguno'),
(168, 8, 'Ngala'),
(169, 8, 'Nganzai'),
(170, 8, 'Shani'),
(171, 9, 'Abi'),
(172, 9, 'Akamkpa'),
(173, 9, 'Akpabuyo'),
(174, 9, 'Bakassi'),
(175, 9, 'Bekwara'),
(176, 9, 'Biasi'),
(177, 9, 'Boki'),
(178, 9, 'Calabar-Municipal'),
(179, 9, 'Calabar-South'),
(180, 9, 'Etunk'),
(181, 9, 'Ikom'),
(182, 9, 'Obantiku'),
(183, 9, 'Ogoja'),
(184, 9, 'Ugep North'),
(185, 9, 'Yakurr'),
(186, 9, 'Yala'),
(187, 10, 'Aniocha North'),
(188, 10, 'Aniocha South'),
(189, 10, 'Bomadi'),
(190, 10, 'Burutu'),
(191, 10, 'Ethiope East'),
(192, 10, 'Ethiope West'),
(193, 10, 'Ika North East'),
(194, 10, 'Ika South'),
(195, 10, 'Isoko North'),
(196, 10, 'Isoko South'),
(197, 10, 'Ndokwa East'),
(198, 10, 'Ndokwa West'),
(199, 10, 'Okpe'),
(200, 10, 'Oshimili North'),
(201, 10, 'Oshimili South'),
(202, 10, 'Patani'),
(203, 10, 'Sapele'),
(204, 10, 'Udu'),
(205, 10, 'Ughilli North'),
(206, 10, 'Ughilli South'),
(207, 10, 'Ukwuani'),
(208, 10, 'Uvwie'),
(209, 10, 'Warri Central'),
(210, 10, 'Warri North'),
(211, 10, 'Warri South'),
(212, 11, 'Abakaliki'),
(213, 11, 'Ofikpo North'),
(214, 11, 'Ofikpo South'),
(215, 11, 'Ebonyi'),
(216, 11, 'Ezza North'),
(217, 11, 'Ezza South'),
(218, 11, 'ikwo'),
(219, 11, 'Ishielu'),
(220, 11, 'Ivo'),
(221, 11, 'Izzi'),
(222, 11, 'Ohaukwu'),
(223, 11, 'Ohaozara'),
(224, 11, 'Onicha'),
(225, 12, 'Akoko Edo'),
(226, 12, 'Egor'),
(227, 12, 'Esan Central'),
(228, 12, 'Esan North East'),
(229, 12, 'Esan South East'),
(230, 12, 'Esan West'),
(231, 12, 'Etsako-Central'),
(232, 12, 'Etsako-West'),
(233, 12, 'Igueben'),
(234, 12, 'Ikpoba-Okha'),
(235, 12, 'Oredo'),
(236, 12, 'Orhionmwon'),
(237, 12, 'Ovia North East'),
(238, 12, 'Ovia South West'),
(239, 12, 'owan east'),
(240, 12, 'Owan West'),
(241, 12, 'Umunniwonde'),
(242, 13, 'Ado Ekiti'),
(243, 13, 'Aiyedire'),
(244, 13, 'Efon'),
(245, 13, 'Ekiti-East'),
(246, 13, 'Ekiti-South West'),
(247, 13, 'Ekiti West'),
(248, 13, 'Emure'),
(249, 13, 'Ido Osi'),
(250, 13, 'Ijero'),
(251, 13, 'Ikere'),
(252, 13, 'Ikole'),
(253, 13, 'Ilejemeta'),
(254, 13, 'Irepodun/Ifelodun'),
(255, 13, 'Ise Orun'),
(256, 13, 'Moba'),
(257, 13, 'Oye'),
(258, 14, 'Aninri'),
(259, 14, 'Awgu'),
(260, 14, 'Enugu East'),
(261, 14, 'Enugu North'),
(262, 14, 'Enugu South'),
(263, 14, 'Ezeagu'),
(264, 14, 'Igbo Etiti'),
(265, 14, 'Igbo Eze North'),
(266, 14, 'Igbo Eze South'),
(267, 14, 'Isi Uzo'),
(268, 14, 'Nkanu East'),
(269, 14, 'Nkanu West'),
(270, 14, 'Nsukka'),
(271, 14, 'Oji-River'),
(272, 14, 'Udenu'),
(273, 14, 'Udi'),
(274, 14, 'Uzo Uwani'),
(275, 15, 'Akko'),
(276, 15, 'Balanga'),
(277, 15, 'Billiri'),
(278, 15, 'Dukku'),
(279, 15, 'Funakaye'),
(280, 15, 'Gombe'),
(281, 15, 'Kaltungo'),
(282, 15, 'Kwami'),
(283, 15, 'Nafada/Bajoga'),
(284, 15, 'Shomgom'),
(285, 15, 'Yamltu/Deba'),
(286, 16, 'Ahiazu-Mbaise'),
(287, 16, 'Ehime-Mbano'),
(288, 16, 'Ezinihtte'),
(289, 16, 'Ideato North'),
(290, 16, 'Ideato South'),
(291, 16, 'Ihitte/Uboma'),
(292, 16, 'Ikeduru'),
(293, 16, 'Isiala-Mbano'),
(294, 16, 'Isu'),
(295, 16, 'Mbaitoli'),
(296, 16, 'Ngor-Okpala'),
(297, 16, 'Njaba'),
(298, 16, 'Nkwerre'),
(299, 16, 'Nwangele'),
(300, 16, 'obowo'),
(301, 16, 'Oguta'),
(302, 16, 'Ohaji-Eggema'),
(303, 16, 'Okigwe'),
(304, 16, 'Onuimo'),
(305, 16, 'Orlu'),
(306, 16, 'Orsu'),
(307, 16, 'Oru East'),
(308, 16, 'Oru West'),
(309, 16, 'Owerri Municipal'),
(310, 16, 'Owerri North'),
(311, 16, 'Owerri West'),
(312, 17, 'Auyu'),
(313, 17, 'Babura'),
(314, 17, 'Birnin Kudu'),
(315, 17, 'Birniwa'),
(316, 17, 'Bosuwa'),
(317, 17, 'Buji'),
(318, 17, 'Dutse'),
(319, 17, 'Gagarawa'),
(320, 17, 'Garki'),
(321, 17, 'Gumel'),
(322, 17, 'Guri'),
(323, 17, 'Gwaram'),
(324, 17, 'Gwiwa'),
(325, 17, 'Hadejia'),
(326, 17, 'Jahun'),
(327, 17, 'Kafin Hausa'),
(328, 17, 'Kaugama'),
(329, 17, 'Kazaure'),
(330, 17, 'Kirikasanuma'),
(331, 17, 'Kiyawa'),
(332, 17, 'Maigatari'),
(333, 17, 'Malam Maduri'),
(334, 17, 'Miga'),
(335, 17, 'Ringim'),
(336, 17, 'Roni'),
(337, 17, 'Sule Tankarkar'),
(338, 17, 'Taura'),
(339, 17, 'Yankwashi'),
(340, 18, 'Birnin-Gwari'),
(341, 18, 'Chikun'),
(342, 18, 'Giwa'),
(343, 18, 'Gwagwada'),
(344, 18, 'Igabi'),
(345, 18, 'Ikara'),
(346, 18, 'Jaba'),
(347, 18, 'Jema\'a'),
(348, 18, 'Kachia'),
(349, 18, 'Kaduna North'),
(350, 18, 'Kagarko'),
(351, 18, 'Kajuru'),
(352, 18, 'Kaura'),
(353, 18, 'Kauru'),
(354, 18, 'Koka/Kawo'),
(355, 18, 'Kubah'),
(356, 18, 'Kudan'),
(357, 18, 'Lere'),
(358, 18, 'Makarfi'),
(359, 18, 'Sabon Gari'),
(360, 18, 'Sanga'),
(361, 18, 'Soba'),
(362, 18, 'Tudun-Wada/Makera'),
(363, 18, 'Zango-Kataf'),
(364, 18, 'Zaria'),
(365, 19, 'Ajingi'),
(366, 19, 'Albasu'),
(367, 19, 'Bagwai'),
(368, 19, 'Bebeji'),
(369, 19, 'Bichi'),
(370, 19, 'Bunkure'),
(371, 19, 'Dala'),
(372, 19, 'Dambatta'),
(373, 19, 'Dawakin Kudu'),
(374, 19, 'Dawakin Tofa'),
(375, 19, 'Doguwa'),
(376, 19, 'Fagge'),
(377, 19, 'Gabasawa'),
(378, 19, 'Garko'),
(379, 19, 'Garun-Mallam'),
(380, 19, 'Gaya'),
(381, 19, 'Gezawa'),
(382, 19, 'Gwale'),
(383, 19, 'Gwarzo'),
(384, 19, 'Kabo'),
(385, 19, 'Kano Municipal'),
(386, 19, 'Karaye'),
(387, 19, 'Kibiya'),
(388, 19, 'Kiru'),
(389, 19, 'Kumbotso'),
(390, 19, 'Kunchi'),
(391, 19, 'Kura'),
(392, 19, 'Madobi'),
(393, 19, 'Makoda'),
(394, 19, 'Minjibir'),
(395, 19, 'Nasarawa'),
(396, 19, 'Rano'),
(397, 19, 'Rimin Gado'),
(398, 19, 'Rogo'),
(399, 19, 'Shanono'),
(400, 19, 'Sumaila'),
(401, 19, 'Takai'),
(402, 19, 'Tarauni'),
(403, 19, 'Tofa'),
(404, 19, 'Tsanyawa'),
(405, 19, 'Tudun Wada'),
(406, 19, 'Ngogo'),
(407, 19, 'Warawa'),
(408, 19, 'Wudil'),
(409, 20, 'Bakori'),
(410, 20, 'Batagarawa'),
(411, 20, 'Batsari'),
(412, 20, 'Baure'),
(413, 20, 'Bindawa'),
(414, 20, 'Charanchi'),
(415, 20, 'Danja'),
(416, 20, 'Danjume'),
(417, 20, 'Dan-Musa'),
(418, 20, 'Daura'),
(419, 20, 'Dutsi'),
(420, 20, 'Dutsinma'),
(421, 20, 'Faskari'),
(422, 20, 'Funtua'),
(423, 20, 'Ingara'),
(424, 20, 'Jibia'),
(425, 20, 'Kafur'),
(426, 20, 'Kaita'),
(427, 20, 'Kankara'),
(428, 20, 'Kankia'),
(429, 20, 'Katsina'),
(430, 20, 'Kurfi'),
(431, 20, 'Kusada'),
(432, 20, 'Mai Adua'),
(433, 20, 'Malumfashi'),
(434, 20, 'Mani'),
(435, 20, 'Mashi'),
(436, 20, 'Matazu'),
(437, 20, 'Musawa'),
(438, 20, 'Rimi'),
(439, 20, 'Sabuwa'),
(440, 20, 'Safana'),
(441, 20, 'Sandamu'),
(442, 20, 'Zango'),
(443, 21, 'Aleira'),
(444, 21, 'Arewa'),
(445, 21, 'Argungu'),
(446, 21, 'Augie'),
(447, 21, 'Bagudo'),
(448, 21, 'Birnin-Kebbi'),
(449, 21, 'Bumza'),
(450, 21, 'Dandi'),
(451, 21, 'Danko'),
(452, 21, 'Fakai'),
(453, 21, 'Gwandu'),
(454, 21, 'Jega'),
(455, 21, 'Kalgo'),
(456, 21, 'Koko-Besse'),
(457, 21, 'Maiyama'),
(458, 21, 'Ngaski'),
(459, 21, 'Sakaba'),
(460, 21, 'Shanga'),
(461, 21, 'Suru'),
(462, 21, 'Wasagu'),
(463, 21, 'Yauri'),
(464, 21, 'Zuru'),
(465, 22, 'Adavi'),
(466, 22, 'Ajaokuta'),
(467, 22, 'Ankpa'),
(468, 22, 'Bassa'),
(469, 22, 'Dekina'),
(470, 22, 'Ibaji'),
(471, 22, 'Idah'),
(472, 22, 'Igalamela'),
(473, 22, 'Ijumu'),
(474, 22, 'Kabba/Bunu'),
(475, 22, 'Kogi'),
(476, 22, 'Lokoja'),
(477, 22, 'Mopa-Muro-Mopi'),
(478, 22, 'Ofu'),
(479, 22, 'Ogori/Magongo'),
(480, 22, 'Okehi'),
(481, 22, 'Okene'),
(482, 22, 'Olamaboro'),
(483, 22, 'Omala'),
(484, 22, 'Oyi'),
(485, 22, 'Yagba-East'),
(486, 22, 'Yagba-West'),
(487, 23, 'Asa'),
(488, 23, 'Baruten'),
(489, 23, 'Edu'),
(490, 23, 'Ekiti'),
(491, 23, 'Ifelodun'),
(492, 23, 'Ilorin East'),
(493, 23, 'Ilorin South'),
(494, 23, 'Ilorin West'),
(495, 23, 'Irepodun'),
(496, 23, 'Isin'),
(497, 23, 'Kaiama'),
(498, 23, 'Moro'),
(499, 23, 'Offa'),
(500, 23, 'Oke-Ero'),
(501, 23, 'Oyun'),
(502, 23, 'Pategi'),
(503, 24, 'Agege'),
(504, 24, 'Ajeromi-Ifelodun'),
(505, 24, 'Alimosho'),
(506, 24, 'Amuwo-Odofin'),
(507, 24, 'Apapa'),
(508, 24, 'Bagagry'),
(509, 24, 'Epe'),
(510, 24, 'Eti-Osa'),
(511, 24, 'Ibeju-Lekki'),
(512, 24, 'Ifako-Ijaiye'),
(513, 24, 'Ikeja'),
(514, 24, 'Ikorodu'),
(515, 24, 'Kosofe'),
(516, 24, 'Lagos-Island'),
(517, 24, 'Lagos-Mainland'),
(518, 24, 'Mushin'),
(519, 24, 'Ojo'),
(520, 24, 'Oshodi-Isolo'),
(521, 24, 'Shomolu'),
(522, 24, 'Suru-Lere'),
(523, 25, 'Akwanga'),
(524, 25, 'Awe'),
(525, 25, 'Doma'),
(526, 25, 'Karu'),
(527, 25, 'Keana'),
(528, 25, 'Keffi'),
(529, 25, 'Kokona'),
(530, 25, 'Lafia'),
(531, 25, 'Nassarawa'),
(532, 25, 'Nassarawa Eggor'),
(533, 25, 'Obi'),
(534, 25, 'Toto'),
(535, 25, 'Wamba'),
(536, 26, 'Agaie'),
(537, 26, 'Agwara'),
(538, 26, 'Bida'),
(539, 26, 'Borgu'),
(540, 26, 'Bosso'),
(541, 26, 'Chanchaga'),
(542, 26, 'Edati'),
(543, 26, 'Gbako'),
(544, 26, 'Gurara'),
(545, 26, 'Katcha'),
(546, 26, 'Kontagora'),
(547, 26, 'Lapai'),
(548, 26, 'Lavum'),
(549, 26, 'Magama'),
(550, 26, 'Mariga'),
(551, 26, 'Mashegu'),
(552, 26, 'Mokwa'),
(553, 26, 'Muya'),
(554, 26, 'Paikoro'),
(555, 26, 'Rafi'),
(556, 26, 'Rajau'),
(557, 26, 'Shiroro'),
(558, 26, 'Suleja'),
(559, 26, 'Tafa'),
(560, 26, 'Wushishi'),
(561, 27, 'Abeokuta -North'),
(562, 27, 'Abeokuta -South'),
(563, 27, 'Ado-Odu/Ota'),
(564, 27, 'Yewa-North'),
(565, 27, 'Yewa-South'),
(566, 27, 'Ewekoro'),
(567, 27, 'Ifo'),
(568, 27, 'Ijebu East'),
(569, 27, 'Ijebu North'),
(570, 27, 'Ijebu North-East'),
(571, 27, 'Ijebu-Ode'),
(572, 27, 'Ikenne'),
(573, 27, 'Imeko-Afon'),
(574, 27, 'Ipokia'),
(575, 27, 'Obafemi -Owode'),
(576, 27, 'Odeda'),
(577, 27, 'Odogbolu'),
(578, 27, 'Ogun-Water Side'),
(579, 27, 'Remo-North'),
(580, 27, 'Shagamu'),
(581, 28, 'Akoko-North-East'),
(582, 28, 'Akoko-North-West'),
(583, 28, 'Akoko-South-West'),
(584, 28, 'Akoko-South-East'),
(585, 28, 'Akure- South'),
(586, 28, 'Akure-North'),
(587, 28, 'Ese-Odo'),
(588, 28, 'Idanre'),
(589, 28, 'Ifedore'),
(590, 28, 'Ilaje'),
(591, 28, 'Ile-Oluji-Okeigbo'),
(592, 28, 'Irele'),
(593, 28, 'Odigbo'),
(594, 28, 'Okitipupa'),
(595, 28, 'Ondo-West'),
(596, 28, 'Ondo East'),
(597, 28, 'Ose'),
(598, 28, 'Owo'),
(599, 29, 'Atakumosa'),
(600, 29, 'Atakumosa East'),
(601, 29, 'Ayeda-Ade'),
(602, 29, 'Ayedire'),
(603, 29, 'Boluwaduro'),
(604, 29, 'Boripe'),
(605, 29, 'Ede'),
(606, 29, 'Ede North'),
(607, 29, 'Egbedore'),
(608, 29, 'Ejigbo'),
(609, 29, 'Ife'),
(610, 29, 'Ife East'),
(611, 29, 'Ife North'),
(612, 29, 'Ife South'),
(613, 29, 'Ifedayo'),
(614, 29, 'Ifelodun'),
(615, 29, 'Ila'),
(616, 29, 'Ilesha'),
(617, 29, 'Ilesha-West'),
(618, 29, 'Irepodun'),
(619, 29, 'Irewole'),
(620, 29, 'Isokun'),
(621, 29, 'Iwo'),
(622, 29, 'Obokun'),
(623, 29, 'Odo-Otin'),
(624, 29, 'Ola Oluwa'),
(625, 29, 'Olorunda'),
(626, 29, 'Ori-Ade'),
(627, 29, 'Orolu'),
(628, 29, 'Osogbo'),
(629, 30, 'Afijio'),
(630, 30, 'Akinyele'),
(631, 30, 'Atiba'),
(632, 30, 'Atisbo'),
(633, 30, 'Egbeda'),
(634, 30, 'Ibadan-Central'),
(635, 30, 'Ibadan-North-East'),
(636, 30, 'Ibadan-North-West'),
(637, 30, 'Ibadan-South-East'),
(638, 30, 'Ibadan-South West'),
(639, 30, 'Ibarapa-Central'),
(640, 30, 'Ibarapa-East'),
(641, 30, 'Ibarapa-North'),
(642, 30, 'Ido'),
(643, 30, 'Ifedayo'),
(644, 30, 'Ifeloju'),
(645, 30, 'Irepo'),
(646, 30, 'Iseyin'),
(647, 30, 'Itesiwaju'),
(648, 30, 'Iwajowa'),
(649, 30, 'Kajola'),
(650, 30, 'Lagelu'),
(651, 30, 'Odo-Oluwa'),
(652, 30, 'Ogbomoso-North'),
(653, 30, 'Ogbomosho-South'),
(654, 30, 'Olorunsogo'),
(655, 30, 'Oluyole'),
(656, 30, 'Ona-Ara'),
(657, 30, 'Orelope'),
(658, 30, 'Ori-Ire'),
(659, 30, 'Oyo East'),
(660, 30, 'Oyo West'),
(661, 30, 'saki east'),
(662, 30, 'Saki West'),
(663, 30, 'Surulere'),
(664, 31, 'Barkin Ladi'),
(665, 31, 'Bassa'),
(666, 31, 'Bokkos'),
(667, 31, 'Jos-East'),
(668, 31, 'Jos-South'),
(669, 31, 'Jos-North'),
(670, 31, 'Kanam'),
(671, 31, 'Kanke'),
(672, 31, 'Langtang North'),
(673, 31, 'Langtang South'),
(674, 31, 'Mangu'),
(675, 31, 'Mikang'),
(676, 31, 'Pankshin'),
(677, 31, 'Quan\'pan'),
(678, 31, 'Riyom'),
(679, 31, 'Shendam'),
(680, 31, 'Wase'),
(681, 32, 'Abua/Odual'),
(682, 32, 'Ahoada East'),
(683, 32, 'Ahoada West'),
(684, 32, 'Akukutoru'),
(685, 32, 'Andoni'),
(686, 32, 'Asari-Toro'),
(687, 32, 'Bonny'),
(688, 32, 'Degema'),
(689, 32, 'Eleme'),
(690, 32, 'Emuoha'),
(691, 32, 'Etche'),
(692, 32, 'Gokana'),
(693, 32, 'Ikwerre'),
(694, 32, 'Khana'),
(695, 32, 'Obio/Akpor'),
(696, 32, 'Ogba/Egbama/Ndoni'),
(697, 32, 'Ogu/Bolo'),
(698, 32, 'Okrika'),
(699, 32, 'Omuma'),
(700, 32, 'Opobo/Nkoro'),
(701, 32, 'Oyigbo'),
(702, 32, 'Port-Harcourt'),
(703, 32, 'Tai'),
(704, 33, 'Binji'),
(705, 33, 'Bodinga'),
(706, 33, 'Dange-Shuni'),
(707, 33, 'Gada'),
(708, 33, 'Goronyo'),
(709, 33, 'Gudu'),
(710, 33, 'Gwadabawa'),
(711, 33, 'Illela'),
(712, 33, 'Isa'),
(713, 33, 'Kebbe'),
(714, 33, 'Kware'),
(715, 33, 'Raba'),
(716, 33, 'Sabon-Birni'),
(717, 33, 'Shagari'),
(718, 33, 'Silame'),
(719, 33, 'Sokoto North'),
(720, 33, 'Sokoto South'),
(721, 33, 'Tambuwal'),
(722, 33, 'Tanzaga'),
(723, 33, 'Tureta'),
(724, 33, 'Wamakko'),
(725, 33, 'Wurno'),
(726, 33, 'Yabo'),
(727, 34, 'Ardo Kola'),
(728, 34, 'Bali'),
(729, 34, 'Donga'),
(730, 34, 'Gashaka'),
(731, 34, 'Gassol'),
(732, 34, 'Ibi'),
(733, 34, 'Jalingo'),
(734, 34, 'Karim-Lamido'),
(735, 34, 'Kurmi'),
(736, 34, 'Lau'),
(737, 34, 'Sardauna'),
(738, 34, 'Takuni'),
(739, 34, 'Ussa'),
(740, 34, 'Wukari'),
(741, 34, 'Yarro'),
(742, 34, 'Zing'),
(743, 35, 'Bade'),
(744, 35, 'Bursali'),
(745, 35, 'Damaturu'),
(746, 35, 'Fika'),
(747, 35, 'Fune'),
(748, 35, 'Geidam'),
(749, 35, 'Gogaram'),
(750, 35, 'Gujba'),
(751, 35, 'Gulani'),
(752, 35, 'Jakusko'),
(753, 35, 'Karasuwa'),
(754, 35, 'Machina'),
(755, 35, 'Nangere'),
(756, 35, 'Nguru'),
(757, 35, 'Potiskum'),
(758, 35, 'Tarmua'),
(759, 35, 'Yunisari'),
(760, 35, 'Yusufari'),
(761, 36, 'Anka'),
(762, 36, 'Bakure'),
(763, 36, 'Bukkuyum'),
(764, 36, 'Bungudo'),
(765, 36, 'Gumi'),
(766, 36, 'Gusau'),
(767, 36, 'Isa'),
(768, 36, 'Kaura-Namoda'),
(769, 36, 'Kiyawa'),
(770, 36, 'Maradun'),
(771, 36, 'Marau'),
(772, 36, 'Shinkafa'),
(773, 36, 'Talata-Mafara'),
(774, 36, 'Tsafe'),
(775, 36, 'Zurmi'),
(776, 9, 'Obudu'),
(777, 37, 'Abaji'),
(778, 37, 'Bwari'),
(779, 37, 'Gwagwalada'),
(780, 37, 'Kuje'),
(781, 37, 'Kwali'),
(782, 37, 'Municipal'),
(783, 12, 'Etsako-East'),
(784, 16, 'Ahiazu-Mbaise'),
(785, 38, 'Foreign'),
(786, 18, 'Kaduna South'),
(787, 16, 'Aboh-Mbaise'),
(788, 9, 'Odukpani'),
(789, 2, 'Yola South');

-- --------------------------------------------------------

--
-- Table structure for table `tblrank`
--

CREATE TABLE `tblrank` (
  `rank_id` int(11) NOT NULL,
  `rankname` varchar(50) NOT NULL
) ENGINE=InnoDB DEFAULT CHARSET=utf8mb4 COLLATE=utf8mb4_general_ci;

--
-- Dumping data for table `tblrank`
--

INSERT INTO `tblrank` (`rank_id`, `rankname`) VALUES
(1, 'Lecturing Cadre');

-- --------------------------------------------------------

--
-- Table structure for table `tblstate`
--

CREATE TABLE `tblstate` (
  `stateid` int(11) DEFAULT NULL,
  `statename` varchar(60) DEFAULT NULL,
  `countryid` int(3) DEFAULT NULL
) ENGINE=InnoDB DEFAULT CHARSET=latin1 COLLATE=latin1_swedish_ci;

--
-- Dumping data for table `tblstate`
--

INSERT INTO `tblstate` (`stateid`, `statename`, `countryid`) VALUES
(1, 'Abia', 125),
(2, 'Adamawa', 125),
(3, 'Akwa Ibom', 125),
(4, 'Anambra', 125),
(5, 'Bauchi', 125),
(6, 'Bayelsa', 125),
(7, 'Benue', 125),
(8, 'Borno', 125),
(9, 'Cross River', 125),
(10, 'Delta', 125),
(11, 'Ebonyi', 125),
(12, 'Edo', 125),
(13, 'Ekiti', 125),
(14, 'Enugu', 125),
(15, 'Gombe', 125),
(16, 'Imo', 125),
(17, 'Jigawa', 125),
(18, 'Kaduna', 125),
(19, 'Kano', 125),
(20, 'Katsina', 125),
(21, 'Kebbi', 125),
(22, 'Kogi', 125),
(23, 'Kwara', 125),
(24, 'Lagos', 125),
(25, 'Nasarawa', 125),
(26, 'Niger', 125),
(27, 'Ogun', 125),
(28, 'Ondo', 125),
(29, 'Osun', 125),
(30, 'Oyo', 125),
(31, 'Plateau', 125),
(32, 'Rivers', 125),
(33, 'Sokoto', 125),
(34, 'Taraba', 125),
(35, 'Yobe', 125),
(36, 'Zamfara', 125),
(37, 'FCT', 125),
(38, 'Non-Nigerian', 125);

-- --------------------------------------------------------

--
-- Table structure for table `tblusers`
--

CREATE TABLE `tblusers` (
  `user_id` int(11) NOT NULL,
  `firstname` varchar(100) NOT NULL,
  `lastname` varchar(100) NOT NULL,
  `othername` varchar(70) NOT NULL,
  `gender` varchar(9) NOT NULL,
  `phonenumber` varchar(15) NOT NULL,
  `email` varchar(100) NOT NULL,
  `username` varchar(50) NOT NULL,
  `password` varchar(100) NOT NULL,
  `user_role` varchar(10) NOT NULL,
  `status` int(11) NOT NULL
) ENGINE=InnoDB DEFAULT CHARSET=utf8mb4 COLLATE=utf8mb4_general_ci;

--
-- Dumping data for table `tblusers`
--

INSERT INTO `tblusers` (`user_id`, `firstname`, `lastname`, `othername`, `gender`, `phonenumber`, `email`, `username`, `password`, `user_role`, `status`) VALUES
(1, 'Abubakar', 'sajo', '', 'male', '08063044690', 'abbk@gmail.com', 'abbksajo', '12345', 'admin', 1),
(2, 'Ibrahim', 'Abdulsalam', '', 'male', '07025896325', 'ibrahim@gmail.com', 'ibrahimbaba', '12345', 'user', 1),
(3, 'Husaini', 'Dangata', '', 'male', '08060044690', 'dangata@gmail.com', 'dangatapoly', '12345', 'admin', 1);

--
-- Indexes for dumped tables
--

--
-- Indexes for table `tblbiodata`
--
ALTER TABLE `tblbiodata`
  ADD PRIMARY KEY (`biodata_id`);

--
-- Indexes for table `tbldepartments`
--
ALTER TABLE `tbldepartments`
  ADD PRIMARY KEY (`dep_id`);

--
-- Indexes for table `tblrank`
--
ALTER TABLE `tblrank`
  ADD PRIMARY KEY (`rank_id`);

--
-- Indexes for table `tblusers`
--
ALTER TABLE `tblusers`
  ADD PRIMARY KEY (`user_id`);

--
-- AUTO_INCREMENT for dumped tables
--

--
-- AUTO_INCREMENT for table `tblbiodata`
--
ALTER TABLE `tblbiodata`
  MODIFY `biodata_id` int(11) NOT NULL AUTO_INCREMENT, AUTO_INCREMENT=8;

--
-- AUTO_INCREMENT for table `tbldepartments`
--
ALTER TABLE `tbldepartments`
  MODIFY `dep_id` int(11) NOT NULL AUTO_INCREMENT, AUTO_INCREMENT=4;

--
-- AUTO_INCREMENT for table `tblrank`
--
ALTER TABLE `tblrank`
  MODIFY `rank_id` int(11) NOT NULL AUTO_INCREMENT, AUTO_INCREMENT=4;

--
-- AUTO_INCREMENT for table `tblusers`
--
ALTER TABLE `tblusers`
  MODIFY `user_id` int(11) NOT NULL AUTO_INCREMENT, AUTO_INCREMENT=4;
COMMIT;

/*!40101 SET CHARACTER_SET_CLIENT=@OLD_CHARACTER_SET_CLIENT */;
/*!40101 SET CHARACTER_SET_RESULTS=@OLD_CHARACTER_SET_RESULTS */;
/*!40101 SET COLLATION_CONNECTION=@OLD_COLLATION_CONNECTION */;
